{
        "label": "Classes",
        "folders": {
                "Class Features": "Traços de classe",
                "Class Items": "Itens de classe",
                "Seraph": "Serafim",
                "Bard": "Bardo",
                "Druid": "Druida",
                "Guardian": "Guardião",
                "Ranger": "Patrulheiro",
                "Rogue": "Ladino",
                "Warrior": "Guerreiro",
                "Wizard": "Mago",
                "Sorcerer": "Feiticeiro"
        },
        "entries": {
                "Seraph": {
                        "name": "Serafim"
                },
                "Bard": {
                        "name": "Bardo"
                },
                "Druid": {
                        "name": "Druida"
                },
                "Guardian": {
                        "name": "Guardião"
                },
                "Ranger": {
                        "name": "Patrulheiro"
                },
                "Rogue": {
                        "name": "Ladino"
                },
                "Warrior": {
                        "name": "Guerreiro"
                },
                "Wizard": {
                        "name": "Mago"
                },
                "Sorcerer": {
                        "name": "Feiticeiro"
                },
        }
}