{
  "id": "daggerheart-pt-BR",
  "title": "Tradução: Português Brasileiro [Daggerheart]",
  "description": "Tradução não oficial em português brasileiro do sistema Foundryborne Daggerheart para FoundryVTT",
  "version": "1.2.0",
  "compatibility": {
    "minimum": "13",
    "verified": "13"
  },
  "authors": [
    {
      "name": "Miguel Molina",
      "email": "miguel@erizocosmi.co",
      "discord": "erizocosmico",
      "flags": {}
	}
  ],
  "esmodules": ["module.js"],
  "relationships": {
    "systems": [
      {
        "id": "daggerheart",
        "manifest": "https://github.com/Foundryborne/daggerheart/releases/latest/download/system.json",
        "compatibility": {
          "minimum": "1.0.0",
          "verified": "1.0.5"
        },
        "type": "system"
      }
    ],
	"requires": [
      {
        "id": "babele",
        "type": "module",
        "manifest": "https://gitlab.com/riccisi/foundryvtt-babele/raw/master/module/module.json",
        "compatibility": {
          "minimum": "2.5.5",
          "verified": "2"
        }
      }
    ]
  },
  "languages": [
    {
      "lang": "pt-BR",
      "name": "Português (Brasil)",
      "path": "lang/pt-BR.json",
      "flags": {}
    }
  ],
  "url": "https://github.com/shuanz/fvtt-daggerheart-pt-BR",
  "manifest": "https://github.com/shuanz/fvtt-daggerheart-pt-BR/releases/latest/download/module.json",
  "download": "https://github.com/shuanz/fvtt-daggerheart-pt-BR/releases/latest/download/daggerheart-pt-BR-v1.2.0.zip"
}