{
       "label": "Subclasses",
       "folders": {
               "Subclass Features": "Traços de subclasse",
               "Seraph": "Serafim",
               "Bard": "Bardo",
               "Druid": "Druida",
               "Guardian": "Guardião",
               "Ranger": "Patrulheiro",
               "Rogue": "Ladino",
               "Warrior": "Guerreiro",
               "Wizard": "Mago",
               "Sorcerer": "Feiticeiro"
       },
       "entries": {
               "Troubadour": {
                       "name": "Trovador"
               },
               "Wordsmith": {
                       "name": "Ferreiro de palavras"
               },
               "Warden of the Elements": {
                       "name": "Guardião dos elementos"
               },
               "Warden of Renewal": {
                       "name": "Guardião da renovação"
               },
               "Vengeance": {
                       "name": "Vingador"
               },
               "Stalwart": {
                       "name": "Baluarte"
               },
               "Beastbound": {
                       "name": "Vinculado às bestas"
               },
               "Wayfinder": {
                       "name": "Guia"
               },
               "Syndicate": {
                       "name": "Sindicato"
               },
               "Nightwalker": {
                       "name": "Caminhante sombrio"
               },
               "Divine Wielder": {
                       "name": "Portador divino"
               },
               "Winged Sentinel": {
                       "name": "Sentinela alada"
               },
               "Elemental Origin": {
                       "name": "Origem elemental"
               },
               "Primal Origin": {
                       "name": "Origem primordial"
               },
               "Call Of The Brave": {
                       "name": "Chamado da coragem"
               },
               "Call Of The Slayer": {
                       "name": "Chamado do carrasco"
               },
               "School Of Knowledge": {
                       "name": "Escola do conhecimento"
               },
               "School of War": {
                       "name": "Escola da guerra"
               }
       }
}
