{
	"label": "Comunidades",
        "folders": {
                "Community Features": "Características de comunidade"
        },
	"entries": {
                "Highborne": {
                        "name": "Nobre"
                },
		"Loreborne": {
			"name": "Erudita"
		},
		"Orderborne": {
			"name": "Disciplinada"
		},
                "Ridgeborne": {
                        "name": "Montanhesa"
                },
		"Seaborne": {
			"name": "Marítima"
		},
                "Slyborne": {
                        "name": "Malandra"
                },
                "Underborne": {
                        "name": "Subterrânea"
                },
		"Wanderborne": {
			"name": "Errante"
		},
                "Wildborne": {
                        "name": "Selvagem"
                }
        }
}
