{
        "label": "Classes",
        "mapping": {
                "description": "system.description",
                "evasion": "system.evasion",
                "hitPoints": "system.hitPoints",
                "domains": "system.domains",
                "classFeatures": "system.classFeatures",
                "notes": "system.notes"
        },
        "folders": {
                "Class Features": "Traços de classe",
                "Class Items": "Itens de classe",
                "Seraph": "Serafim",
                "Bard": "Bardo",
                "Druid": "Druida",
                "Guardian": "Guardião",
                "Ranger": "Patrulheiro",
                "Rogue": "Ladino",
                "Warrior": "Guerreiro",
                "Wizard": "Mago",
                "Sorcerer": "Feiticeiro"
        },
        "entries": {
                "Seraph": {
                        "name": "Serafim",
                        "description": "<p>Os Serafins são lutadores e curandeiros divinos imbuídos de propósito sagrado. Uma ampla variedade de divindades existe dentro dos reinos, e assim numerosos tipos de serafins são nomeados por esses deuses. Sua ética tradicionalmente se alinha com o domínio ou objetivos de seu deus, como defender os fracos, executar vingança, proteger uma terra ou artefato, ou defender uma fé particular. Alguns serafins se aliam a um exército ou local, muito para a satisfação de seus governantes, mas outros cruzados lutam em oposição às loucuras do Reino Mortal. É melhor ser aliado de um serafim do que seu inimigo, pois eles são inimigos aterrorizantes para aqueles que desafiam seu propósito.</p>",
                        "evasion": "9",
                        "hitPoints": "7",
                        "domains": "Valor, Esplendor"
                },
                "Bard": {
                        "name": "Bardo",
                        "description": "<p><strong>Nota: No nível 5 use Rally (Nível 5) em vez de Rally sob características de classe. (Automação será implementada em uma versão futura)</strong></p><p><br />Os Bardos são as pessoas mais carismáticas de todos os reinos. Membros desta classe são mestres da captivação e se especializam em uma variedade de tipos de performance, incluindo canto, tocar instrumentos musicais, tecer contos, ou contar piadas. Seja se apresentando para uma audiência ou falando com um indivíduo, os bardos prosperam em situações sociais. Membros desta profissão se unem e treinam em escolas ou guildas, mas uma corrente de egotismo percorre aqueles da persuasão bárdica. Embora possam ser a classe mais provável de unir as pessoas, um bardo de mau humor pode facilmente destruir um grupo.</p>",
                        "evasion": "10",
                        "hitPoints": "5",
                        "domains": "Graça, Códice"
                },
                "Druid": {
                        "name": "Druida",
                        "description": "<p>Tornar-se um druida é mais que uma ocupação; é uma vocação para aqueles que desejam aprender e proteger a magia da natureza selvagem. Embora se possa subestimar um druida gentil que pratica o trabalho frequentemente silencioso de cultivar flora, druidas que canalizam as forças indomadas da natureza são aterrorizantes de se contemplar. Os druidas cultivam suas habilidades em pequenos grupos, frequentemente conectados por uma ética ou local específico, mas alguns escolhem trabalhar sozinhos. Através de anos de estudo e dedicação, os druidas podem aprender a se transformar em bestas e moldar a própria natureza.</p>",
                        "evasion": "10",
                        "hitPoints": "6",
                        "domains": "Sábio, Arcana"
                },
                "Guardian": {
                        "name": "Guardião",
                        "description": "<p>O título de guardião representa uma variedade de profissões marciais, falando mais sobre sua bússola moral e fortaleza inabalável do que os meios pelos quais eles lutam. Embora muitos guardiões se juntem a grupos de militantes por um país ou causa, eles são mais propensos a seguir aqueles poucos pelos quais realmente se importam, maioria seja condenada. Os guardiões são conhecidos por lutar com ferocidade notável mesmo contra probabilidades esmagadoras, defendendo sua coorte acima de tudo. Ai daqueles que prejudicam o aliado de um guardião, pois o guardião responderá a essa lesão em espécie.</p>",
                        "evasion": "9",
                        "hitPoints": "7",
                        "domains": "Valor, Lâmina"
                },
                "Ranger": {
                        "name": "Patrulheiro",
                        "description": "<p>Os Patrulheiros são caçadores altamente habilidosos que, apesar de suas habilidades marciais, raramente emprestam suas habilidades a um exército. Através do domínio do corpo e uma compreensão profunda da natureza selvagem, os patrulheiros se tornam táticos astutos, perseguindo sua presa com astúcia e paciência. Muitos patrulheiros rastreiam e lutam ao lado de um companheiro animal com quem forjaram um poderoso vínculo espiritual. Ao aperfeiçoar suas habilidades na natureza selvagem, os patrulheiros se tornam rastreadores especialistas, tão propensos a encurralar seus inimigos em uma armadilha quanto a atacá-los de frente.</p>",
                        "evasion": "12",
                        "hitPoints": "6",
                        "domains": "Osso, Sábio"
                },
                "Rogue": {
                        "name": "Ladino",
                        "description": "<p>Os Ladinos são canalhas, frequentemente tanto em atitude quanto em prática. Amplamente conhecidos como mentirosos e ladrões, os melhores entre esta classe se movem pelo mundo anonimamente. Utilizando suas mentes afiadas e lâminas, os ladinos enganam seus inimigos através da manipulação social tão facilmente quanto quebrando fechaduras, escalando através de janelas, ou desferindo golpes traiçoeiros. Estes mestres do ofício mágico manipulam sombra e movimento, adicionando uma variedade de ferramentas úteis e mortais ao seu repertório. Os ladinos frequentemente estabelecem guildas para encontrar futuros cúmplices, contratar trabalhos e aperfeiçoar habilidades secretas, provando que há honra entre ladrões para aqueles que sabem onde procurar.</p>",
                        "evasion": "12",
                        "hitPoints": "6",
                        "domains": "Meia-noite, Graça"
                },
                "Warrior": {
                        "name": "Guerreiro",
                        "description": "<p>Tornar-se um guerreiro requer anos, frequentemente uma vida inteira, de treinamento e dedicação ao domínio de armas e violência. Embora muitos que buscam lutar aperfeiçoem apenas sua força, os guerreiros entendem a importância de um corpo e mente ágeis, tornando-os alguns dos lutadores mais procurados através dos reinos. Frequentemente, os guerreiros encontram emprego dentro de um exército, uma banda de mercenários, ou mesmo uma guarda real, mas seu potencial é desperdiçado em qualquer posição onde eles não podem continuar a melhorar e expandir suas habilidades. Os guerreiros são conhecidos por terem uma arma favorita; vir entre eles e sua lâmina seria um erro grave.</p>",
                        "evasion": "11",
                        "hitPoints": "6",
                        "domains": "Lâmina, Osso"
                },
                "Wizard": {
                        "name": "Mago",
                        "description": "<p>Quer através de uma instituição ou estudo individual, aqueles conhecidos como magos adquirem e aperfeiçoam imenso poder mágico ao longo de anos de aprendizado usando uma variedade de ferramentas, incluindo livros, pedras, poções e ervas. Alguns magos dedicam suas vidas a dominar uma escola particular de magia, enquanto outros aprendem de uma ampla variedade de disciplinas. Muitos magos se tornam figuras sábias e poderosas em suas comunidades, aconselhando governantes, fornecendo medicamentos e cura, e até mesmo liderando conselhos de guerra. Embora estes magos todos trabalhem para o objetivo comum de coletar conhecimento mágico, os magos frequentemente têm o maior conflito dentro de suas próprias fileiras, pois a aquisição, manutenção e compartilhamento de segredos poderosos é um tópico de intenso debate que resultou em inúmeras mortes.</p>",
                        "evasion": "11",
                        "hitPoints": "5",
                        "domains": "Códice, Esplendor"
                },
                "Sorcerer": {
                        "name": "Feiticeiro",
                        "description": "<p>Nem todos os usuários de magia inata escolhem aperfeiçoar seu ofício, mas aqueles que o fazem podem se tornar feiticeiros poderosos. Os dons destes usuários são passados através de famílias, mesmo se a família não estiver ciente ou relutante em praticá-los. As habilidades de um feiticeiro podem variar do elemental ao ilusório e além, e muitos praticantes se unem em coletivos baseados em seus talentos. O ato de se tornar um feiticeiro formidável não é a prática de adquirir poder, mas aprender a cultivar e controlar o poder que já se possui. A magia de um feiticeiro mal orientado ou indisciplinado é uma força perigosa de fato.</p>",
                        "evasion": "10",
                        "hitPoints": "6",
                        "domains": "Arcana, Meia-noite"
                },
                "Life Support": {
                        "name": "Suporte Vital",
                        "description": "<p><strong>Gaste 3 Esperança</strong> para limpar um Ponto de Vida em um aliado dentro do alcance Próximo.</p>"
                },
                "Prayer Dice": {
                        "name": "Dados de Oração",
                        "description": "<p>No início de cada sessão, role um número de d4s igual ao traço Conjuração da sua subclasse e coloque-os na sua ficha de personagem no espaço fornecido. Estes são seus Dados de Oração. Você pode gastar qualquer número de Dados de Oração para ajudar a si mesmo ou um aliado dentro do alcance Distante. Você pode usar o valor de um dado gasto para reduzir dano recebido, adicionar ao resultado de uma rolagem após a rolagem ser feita, ou ganhar Esperança igual ao resultado. No final de cada sessão, limpe todos os Dados de Oração não gastos.</p>"
                },
                "Make a Scene": {
                        "name": "Fazer uma Cena",
                        "description": "<p>Gaste <strong>3 Esperança</strong> para temporariamente <strong>Distrair um alvo</strong> dentro do alcance <strong>Próximo</strong>, dando a eles uma <strong>penalidade de -2</strong> à sua Dificuldade.</p>"
                },
                "Rally": {
                        "name": "Animar",
                        "description": "<p>Uma vez por sessão, descreva como você anima o grupo e dê a si mesmo e a cada um de seus aliados um Dado de Animar. No nível 1, seu Dado de Animar é um d6. Um PJ pode gastar seu Dado de Animar para rolá-lo, adicionando o resultado à sua rolagem de ação, rolagem de reação, rolagem de dano, ou para limpar um número de Estresse igual ao resultado. No final de cada sessão, limpe todos os Dados de Animar não gastos. No nível 5, seu Dado de Animar aumenta para um d8.</p>"
                },
                "Rally (Level 5)": {
                        "name": "Animar (Nível 5)",
                        "description": "<p>Uma vez por sessão, descreva como você anima o grupo e dê a si mesmo e a cada um de seus aliados um Dado de Animar. No nível 5, seu Dado de Animar é um d8. Um PJ pode gastar seu Dado de Animar para rolá-lo, adicionando o resultado à sua rolagem de ação, rolagem de reação, rolagem de dano, ou para limpar um número de Estresse igual ao resultado. No final de cada sessão, limpe todos os Dados de Animar não gastos.</p>"
                },
                "Evolution": {
                        "name": "Evolução",
                        "description": "<p><strong>Gaste 3 Esperança</strong> para se transformar em uma Forma Bestial sem marcar um Estresse. Quando você fizer isso, escolha um traço para aumentar em +1 até você sair dessa Forma Bestial.<br /><br /><strong>Nota: Aumente manualmente seu traço na ficha de personagem se isso estiver em efeito.</strong></p>"
                },
                "Beastform": {
                        "name": "Forma Bestial",
                        "description": "<p>Marque um Estresse para magicamente se transformar em uma criatura do seu nível ou inferior da lista de Formas Bestiais. Você pode sair dessa forma a qualquer momento. Enquanto transformado, você não pode usar armas ou lançar feitiços de cartas de domínio, mas ainda pode usar outros traços ou habilidades que você tem acesso. Feitiços que você lançou antes de se transformar permanecem ativos e duram sua duração normal, e você pode falar e se comunicar normalmente. Além disso, você ganha os traços da Forma Bestial, adiciona seu bônus de Evasão ao seu, e usa o traço especificado em suas estatísticas para seu ataque. Enquanto você está em uma Forma Bestial, sua armadura se torna parte do seu corpo e você marca Espaços de Armadura como de costume; quando você sai de uma Forma Bestial, esses Espaços de Armadura marcados permanecem marcados. Se você marcar seu último Ponto de Vida, você automaticamente sai dessa forma.</p>"
                },
                "Wildtouch": {
                        "name": "Toque Selvagem",
                        "description": "<p>Você pode realizar efeitos inofensivos e sutis que envolvem natureza—como fazer uma flor crescer rapidamente, convocar uma leve rajada de vento, ou acender uma fogueira—à vontade.</p>"
                },
                "Frontline Tank": {
                        "name": "Tanque da Linha de Frente",
                        "description": "<p>Quando você está engajado em combate corpo a corpo com um inimigo, você pode usar uma reação para reduzir o dano que esse inimigo causa a um aliado em 1d6. Você pode usar esta habilidade uma vez por rodada.</p>"
                },
                "Unstoppable": {
                        "name": "Imparável",
                        "description": "<p>Quando você marca seu último Ponto de Vida, você pode gastar 3 Esperança para permanecer consciente e ativo por uma rodada adicional. Durante essa rodada, você não pode ser derrotado por dano, mas ainda pode ser derrotado por outros meios.</p>"
                },
                "Attack of Opportunity": {
                        "name": "Ataque de Oportunidade",
                        "description": "<p>Quando um inimigo se move para fora do seu alcance corpo a corpo, você pode usar uma reação para fazer um ataque contra eles. Este ataque causa dano normal.</p>"
                },
                "Combat Training": {
                        "name": "Treinamento de Combate",
                        "description": "<p>Você é proficiente com todas as armas simples e marciais, e com armaduras leves e médias.</p>"
                },
                "No Mercy": {
                        "name": "Sem Misericórdia",
                        "description": "<p>Quando você reduz um inimigo a 0 Pontos de Vida, você pode gastar 1 Esperança para fazer um ataque adicional contra outro inimigo dentro do alcance.</p>"
                },
                "Ranger's Focus": {
                        "name": "Foco do Patrulheiro",
                        "description": "<p>Quando você faz um ataque à distância, você pode gastar 1 Esperança para adicionar 1d6 ao resultado da rolagem de ataque.</p>"
                },
                "Hold Them Off": {
                        "name": "Mantenha-os Afastados",
                        "description": "<p>Quando um inimigo tenta se mover para dentro do seu alcance corpo a corpo, você pode usar uma reação para fazer um ataque contra eles. Se o ataque acertar, o inimigo não pode se mover para dentro do seu alcance nesta rodada.</p>"
                },
                "Rogue's Dodge": {
                        "name": "Esquiva do Ladino",
                        "description": "<p>Quando você é alvo de um ataque, você pode gastar 1 Esperança para adicionar 1d6 à sua rolagem de evasão.</p>"
                },
                "Sneak Attack": {
                        "name": "Ataque Furtivo",
                        "description": "<p>Quando você faz um ataque contra um inimigo que está distraído ou não está ciente de você, você pode gastar 1 Esperança para adicionar 1d6 ao dano do ataque.</p>"
                },
                "Cloaked": {
                        "name": "Encoberto",
                        "description": "<p>Quando você não está sendo observado, você pode gastar 1 Esperança para se tornar invisível até o final da sua próxima rodada ou até você fazer uma ação que revele sua presença.</p>"
                },
                "Arcane Sense": {
                        "name": "Senso Arcano",
                        "description": "<p>Você pode detectar a presença de magia dentro do alcance Próximo. Você pode gastar 1 Esperança para identificar a escola de magia de um feitiço ativo.</p>"
                },
                "Channel Raw Power": {
                        "name": "Canalizar Poder Bruto",
                        "description": "<p>Você pode gastar 2 Esperança para adicionar 1d6 ao resultado de qualquer rolagem de magia que você fizer.</p>"
                },
                "Minor Illusion": {
                        "name": "Ilusão Menor",
                        "description": "<p>Você pode criar uma ilusão menor que pode ser de qualquer tamanho até 5 pés cúbicos. A ilusão pode fazer sons, mas não pode causar dano ou ter outros efeitos físicos.</p>"
                },
                "Prestidigitation": {
                        "name": "Prestidigitação",
                        "description": "<p>Você pode realizar truques menores de magia, como limpar um objeto, aquecer ou resfriar um objeto não-mágico, ou criar um pequeno efeito visual ou sonoro.</p>"
                },
                "Strange Patterns": {
                        "name": "Padrões Estranhos",
                        "description": "<p>Você pode gastar 1 Esperança para adicionar 1d6 ao resultado de qualquer rolagem de conhecimento ou investigação.</p>"
                },
                "Volatile Magic": {
                        "name": "Magia Volátil",
                        "description": "<p>Quando você lança um feitiço, você pode gastar 1 Esperança para adicionar 1d6 ao resultado da rolagem de magia, mas se você rolar um 1, o feitiço falha e você marca 1 Estresse.</p>"
                },
                "Not This Time": {
                        "name": "Não Desta Vez",
                        "description": "<p><strong>Gaste 3 Esperança</strong> para forçar um adversário dentro do alcance Distante a rerrolar uma rolagem de ataque ou dano.</p>"
                },
                "50ft of Rope": {
                        "name": "50 pés de Corda",
                        "description": "<p>Uma corda resistente de 50 pés de comprimento, útil para escalar, amarrar, ou criar armadilhas.</p>"
                },
                "Basic Supplies": {
                        "name": "Suprimentos Básicos",
                        "description": "<p>Um saco contendo itens essenciais para viagem: comida, água, cobertores e ferramentas básicas.</p>"
                },
                "Torch": {
                        "name": "Tocha",
                        "description": "<p>Uma tocha acesa que fornece luz e pode ser usada para iluminar áreas escuras ou como arma improvisada.</p>"
                },
                "A Romance Novel": {
                        "name": "Um Romance",
                        "description": "<p>Um livro de romance que pode ser usado para entretenimento, como presente, ou para estabelecer conexões sociais.</p>"
                },
                "Letter Never Opened": {
                        "name": "Carta Nunca Aberta",
                        "description": "<p>Uma carta selada que nunca foi aberta, contendo possivelmente segredos, informações importantes, ou mensagens pessoais.</p>"
                },
                "Bundle of Offerings": {
                        "name": "Pacote de Ofertas",
                        "description": "<p>Um conjunto de ofertas rituais, incluindo incenso, velas e outros itens sagrados para cerimônias religiosas.</p>"
                },
                "Sigil of Your God": {
                        "name": "Sigilo do Seu Deus",
                        "description": "<p>Um símbolo sagrado representando a divindade que você segue, usado em rituais e para canalizar poder divino.</p>"
                }
        }
}