{
        "label": "Formas bestiais",
        "folders": {
                "Beastform Features": "Características da forma bestial",
                "Tier 1": "Nível 1",
                "Tier 2": "Nível 2",
                "Tier 3": "Nível 3",
                "Tier 4": "Nível 4"
        },
        "entries": {
                "Agile Scout": {
                        "name": "Explorador ágil"
                },
                "Aquatic Scout": {
                        "name": "Explorador aquático"
                },
                "Household Friend": {
                        "name": "Mascote doméstico"
                },
                "Nimble Grazer": {
                        "name": "Herbívoro veloz"
                },
                "Pack Predator": {
                        "name": "Predador de matilha"
                },
                "Stalking Arachnid": {
                        "name": "Aracnídeo à espreita"
                },
                "Armored Sentry": {
                        "name": "Sentinela blindada"
                },
                "Mighty Strider": {
                        "name": "Trotador poderoso"
                },
                "Pouncing Predator": {
                        "name": "Predador saltador"
                },
                "Powerful Beast": {
                        "name": "Fera poderosa"
                },
                "Striking Serpent": {
                        "name": "Serpente imponente"
                },
                "Winged Beast": {
                        "name": "Fera alada"
                },
                "Aquatic Predator": {
                        "name": "Predador aquático"
                },
                "Great Predator": {
                        "name": "Grande predador"
                },
                "Great Winged Beast": {
                        "name": "Grande fera alada"
                },
                "Legendary Beast": {
                        "name": "Fera lendária"
                },
                "Legendary Hybrid": {
                        "name": "Híbrido lendário"
                },
                "Mighty Lizard": {
                        "name": "Réptil poderoso"
                },
                "Epic Aquatic Beast": {
                        "name": "Fera aquática épica"
                },
                "Massive Behemoth": {
                        "name": "Beemote massivo"
                },
                "Mythic Aerial Hunter": {
                        "name": "Caçador aéreo mítico"
                },
                "Mythic Beast": {
                        "name": "Fera mítica"
                },
                "Mythic Hybrid": {
                        "name": "Híbrido mítico"
                },
                "Terrible Lizard": {
                        "name": "Réptil terrível"
                }
        }
}
